{
  "t_stat": 7.726156096538257,
  "p_value": 4.5613312658736464e-08,
  "alpha": 0.05
}